bin_low_edge,contents,binerror,xtitle,binlabel
19.5,0.0,0.0,,
20.5,6.0,2.449489742783178,,
21.5,5.0,2.23606797749979,,
22.5,0.0,0.0,,
