bin_low_edge,contents,binerror,xtitle,binlabel
-2.5,0.0,0.0,inferred - true,
-1.5,0.015957446808510637,0.009213036210472751,inferred - true,
-0.5,0.9840425531914894,0.07234824738689066,inferred - true,
0.5,0.0,0.0,inferred - true,
