bin_low_edge,contents,binerror,xtitle,binlabel
20.5,0.0,0.0,,
21.5,73.0,8.54400374531753,,
22.5,3.0,1.7320508075688772,,
23.5,0.0,0.0,,
