bin_low_edge,contents,binerror,xtitle,binlabel
19.5,0.0,0.0,,
20.5,7.0,2.6457513110645907,,
21.5,7.0,2.6457513110645907,,
22.5,0.0,0.0,,
