position,mute_freq,lo_err,hi_err,A,A_lo_err,A_hi_err,C,C_lo_err,C_hi_err,G,G_lo_err,G_hi_err,T,T_lo_err,T_hi_err
4,0.5,0.302697,0.697303,0.0,0.0,0.197258,0.5,0.302697,0.697303,0.0,0.0,0.197258,0.5,0.302697,0.697303
5,0.25,0.151017,0.517262,0.75,0.482738,0.848983,0.0,0.0,0.197258,0.25,0.151017,0.517262,0.0,0.0,0.197258
6,0.5,0.302697,0.697303,0.0,0.0,0.197258,0.5,0.302697,0.697303,0.0,0.0,0.197258,0.5,0.302697,0.697303
7,0.0,0.0,0.197258,0.0,0.0,0.197258,0.0,0.0,0.197258,0.0,0.0,0.197258,1.0,0.8027415617602307,1.0
8,0.0,0.0,0.197258,1.0,0.8027415617602307,1.0,0.0,0.0,0.197258,0.0,0.0,0.197258,0.0,0.0,0.197258
9,0.0,0.0,0.128314,0.0,0.0,0.128314,0.0,0.0,0.128314,0.0,0.0,0.128314,1.0,0.87168554287173572,1.0
10,0.0,0.0,0.128314,0.0,0.0,0.128314,0.0,0.0,0.128314,1.0,0.87168554287173572,1.0,0.0,0.0,0.128314
11,0.42857142857142855,0.284345,0.604576,0.2857142857142857,0.182877,0.483916,0.0,0.0,0.128314,0.5714285714285714,0.395424,0.715655,0.14285714285714285,0.093119,0.351673
12,0.2857142857142857,0.182877,0.483916,0.14285714285714285,0.093119,0.351673,0.14285714285714285,0.093119,0.351673,0.0,0.0,0.128314,0.7142857142857143,0.516084,0.817123
13,0.0,0.0,0.128314,0.0,0.0,0.128314,0.0,0.0,0.128314,0.0,0.0,0.128314,1.0,0.87168554287173572,1.0
14,0.42857142857142855,0.284345,0.604576,0.0,0.0,0.128314,0.5714285714285714,0.395424,0.715655,0.2857142857142857,0.182877,0.483916,0.14285714285714285,0.093119,0.351673
15,0.0,0.0,0.075472,0.0,0.0,0.075472,0.0,0.0,0.075472,1.0,0.92452766313785995,1.0,0.0,0.0,0.075472
16,0.23076923076923078,0.15736,0.375498,0.15384615384615385,0.102402,0.297039,0.0,0.0,0.075472,0.7692307692307693,0.624502,0.84264,0.07692307692307693,0.052756,0.213361
17,0.0,0.0,0.075472,0.0,0.0,0.075472,0.0,0.0,0.075472,1.0,0.92452766313785995,1.0,0.0,0.0,0.075472
18,0.15384615384615385,0.102402,0.297039,0.0,0.0,0.075472,0.15384615384615385,0.102402,0.297039,0.8461538461538461,0.702961,0.897598,0.0,0.0,0.075472
