position,mute_freq,lo_err,hi_err,A,A_lo_err,A_hi_err,C,C_lo_err,C_hi_err,G,G_lo_err,G_hi_err,T,T_lo_err,T_hi_err
4,0.0,0.0,0.167317,1.0,0.83268317765560429,1.0,0.0,0.0,0.167317,0.0,0.0,0.167317,0.0,0.0,0.167317
5,0.0,0.0,0.167317,0.0,0.0,0.167317,0.0,0.0,0.167317,0.0,0.0,0.167317,1.0,0.83268317765560429,1.0
6,0.0,0.0,0.167317,1.0,0.83268317765560429,1.0,0.0,0.0,0.167317,0.0,0.0,0.167317,0.0,0.0,0.167317
7,0.4,0.248245,0.609245,0.0,0.0,0.167317,0.0,0.0,0.167317,0.6,0.390755,0.751755,0.4,0.248245,0.609245
8,0.0,0.0,0.167317,0.0,0.0,0.167317,1.0,0.83268317765560429,1.0,0.0,0.0,0.167317,0.0,0.0,0.167317
9,0.26666666666666666,0.187825,0.399951,0.7333333333333333,0.600049,0.812175,0.0,0.0,0.066359,0.2,0.137034,0.332987,0.06666666666666667,0.046099,0.188562
10,0.26666666666666666,0.187825,0.399951,0.06666666666666667,0.046099,0.188562,0.06666666666666667,0.046099,0.188562,0.7333333333333333,0.600049,0.812175,0.13333333333333333,0.089322,0.262978
11,0.06666666666666667,0.046099,0.188562,0.0,0.0,0.066359,0.9333333333333333,0.811438,0.953901,0.0,0.0,0.066359,0.06666666666666667,0.046099,0.188562
12,0.06666666666666667,0.046099,0.188562,0.9333333333333333,0.811438,0.953901,0.0,0.0,0.066359,0.0,0.0,0.066359,0.06666666666666667,0.046099,0.188562
13,0.4666666666666667,0.353396,0.587712,0.0,0.0,0.066359,0.0,0.0,0.066359,0.5333333333333333,0.412288,0.646604,0.4666666666666667,0.353396,0.587712
14,0.0,0.0,0.066359,0.0,0.0,0.066359,1.0,0.93364101391901988,1.0,0.0,0.0,0.066359,0.0,0.0,0.066359
15,0.06666666666666667,0.046099,0.188562,0.0,0.0,0.066359,0.0,0.0,0.066359,0.06666666666666667,0.046099,0.188562,0.9333333333333333,0.811438,0.953901
16,0.06666666666666667,0.046099,0.188562,0.06666666666666667,0.046099,0.188562,0.0,0.0,0.066359,0.9333333333333333,0.811438,0.953901,0.0,0.0,0.066359
17,0.2,0.137034,0.332987,0.0,0.0,0.066359,0.13333333333333333,0.089322,0.262978,0.8,0.667013,0.862966,0.06666666666666667,0.046099,0.188562
18,0.0,0.0,0.095048,0.0,0.0,0.095048,0.0,0.0,0.095048,0.0,0.0,0.095048,1.0,0.9049515755219304,1.0
19,0.1,0.067347,0.265702,0.9,0.734298,0.932653,0.0,0.0,0.095048,0.1,0.067347,0.265702,0.0,0.0,0.095048
20,0.0,0.0,0.095048,0.0,0.0,0.095048,1.0,0.9049515755219304,1.0,0.0,0.0,0.095048,0.0,0.0,0.095048
