position,mute_freq,lo_err,hi_err,A,A_lo_err,A_hi_err,C,C_lo_err,C_hi_err,G,G_lo_err,G_hi_err,T,T_lo_err,T_hi_err
0,0.0,0.0,0.197258,0.0,0.0,0.197258,0.0,0.0,0.197258,0.0,0.0,0.197258,1.0,0.8027415617602307,1.0
1,0.25,0.151017,0.517262,0.25,0.151017,0.517262,0.0,0.0,0.197258,0.75,0.482738,0.848983,0.0,0.0,0.197258
2,0.0,0.0,0.197258,1.0,0.8027415617602307,1.0,0.0,0.0,0.197258,0.0,0.0,0.197258,0.0,0.0,0.197258
3,0.1,0.067347,0.265702,0.0,0.0,0.095048,0.9,0.734298,0.932653,0.0,0.0,0.095048,0.1,0.067347,0.265702
4,0.0,0.0,0.095048,0.0,0.0,0.095048,0.0,0.0,0.095048,0.0,0.0,0.095048,1.0,0.9049515755219304,1.0
5,0.1,0.067347,0.265702,0.9,0.734298,0.932653,0.0,0.0,0.095048,0.1,0.067347,0.265702,0.0,0.0,0.095048
6,0.0,0.0,0.095048,0.0,0.0,0.095048,1.0,0.9049515755219304,1.0,0.0,0.0,0.095048,0.0,0.0,0.095048
7,0.2,0.131253,0.368427,0.0,0.0,0.095048,0.0,0.0,0.095048,0.8,0.631573,0.868747,0.2,0.131253,0.368427
8,0.2,0.131253,0.368427,0.1,0.067347,0.265702,0.0,0.0,0.095048,0.8,0.631573,0.868747,0.1,0.067347,0.265702
9,0.1,0.067347,0.265702,0.0,0.0,0.095048,0.0,0.0,0.095048,0.1,0.067347,0.265702,0.9,0.734298,0.932653
10,0.1,0.067347,0.265702,0.1,0.067347,0.265702,0.0,0.0,0.095048,0.9,0.734298,0.932653,0.0,0.0,0.095048
11,0.0,0.0,0.095048,1.0,0.9049515755219304,1.0,0.0,0.0,0.095048,0.0,0.0,0.095048,0.0,0.0,0.095048
12,0.0,0.0,0.095048,0.0,0.0,0.095048,1.0,0.9049515755219304,1.0,0.0,0.0,0.095048,0.0,0.0,0.095048
13,0.1,0.067347,0.265702,0.0,0.0,0.095048,0.1,0.067347,0.265702,0.0,0.0,0.095048,0.9,0.734298,0.932653
14,0.1,0.067347,0.265702,0.9,0.734298,0.932653,0.0,0.0,0.095048,0.0,0.0,0.095048,0.1,0.067347,0.265702
15,0.0,0.0,0.095048,0.0,0.0,0.095048,1.0,0.9049515755219304,1.0,0.0,0.0,0.095048,0.0,0.0,0.095048
