bin_low_edge,contents,binerror,xtitle,binlabel
2.5,0.0,0.0,,
3.5,5.0,2.23606797749979,,
4.5,0.0,0.0,,
5.5,0.0,0.0,,
6.5,0.0,0.0,,
7.5,0.0,0.0,,
8.5,10.0,3.1622776601683795,,
9.5,0.0,0.0,,
