bin_low_edge,contents,binerror,xtitle,binlabel
16.5,0.0,0.0,,
17.5,0.2,0.161221,,
18.5,0.0,0.0836585,,
19.5,0.6,0.18049999999999997,,
20.5,0.0,0.0836585,,
21.5,0.2,0.161221,,
22.5,0.2,0.161221,,
23.5,0.0,0.0836585,,
24.5,0.0,0.0836585,,
25.5,0.0,0.0836585,,
26.5,0.0,0.0836585,,
27.5,0.4,0.18050000000000002,,
28.5,0.0,0.0836585,,
29.5,0.4,0.18050000000000002,,
30.5,0.0,0.0,,
