bin_low_edge,contents,binerror,xtitle,binlabel
-1.5,0.0,0.0,,
-0.5,0.0,0.098629,,
0.5,0.25,0.1831225,,
1.5,0.0,0.098629,,
2.5,0.1,0.0991775,,
3.5,0.0,0.047524,,
4.5,0.1,0.0991775,,
5.5,0.0,0.047524,,
6.5,0.2,0.118587,,
7.5,0.2,0.118587,,
8.5,0.1,0.0991775,,
9.5,0.1,0.0991775,,
10.5,0.0,0.047524,,
11.5,0.0,0.047524,,
12.5,0.1,0.0991775,,
13.5,0.1,0.0991775,,
14.5,0.0,0.047524,,
15.5,0.0,0.0,,
