bin_low_edge,contents,binerror,xtitle,binlabel
2.5,0.0,0.0,,
3.5,0.5,0.197303,,
4.5,0.25,0.1831225,,
5.5,0.5,0.197303,,
6.5,0.0,0.098629,,
7.5,0.0,0.098629,,
8.5,0.0,0.064157,,
9.5,0.0,0.064157,,
10.5,0.42857142857142855,0.1601155,,
11.5,0.2857142857142857,0.1505195,,
12.5,0.0,0.064157,,
13.5,0.42857142857142855,0.1601155,,
14.5,0.0,0.037736,,
15.5,0.23076923076923078,0.109069,,
16.5,0.0,0.037736,,
17.5,0.15384615384615385,0.0973185,,
18.5,0.0,0.0,,
