bin_low_edge,contents,binerror,xtitle,binlabel
-1.5,0.0,0.0,,
-0.5,19.0,4.358898943540674,,
0.5,4.0,2.0,,
1.5,0.0,0.0,,
2.5,0.0,0.0,,
3.5,30.0,5.477225575051661,,
4.5,6.0,2.449489742783178,,
5.5,16.0,4.0,,
6.5,1.0,1.0,,
7.5,0.0,0.0,,
