bin_low_edge,contents,binerror,xtitle,binlabel
-0.5,0.0,0.0,,
0.5,4.0,2.0,,
1.5,1.0,1.0,,
2.5,0.0,0.0,,
3.5,0.0,0.0,,
4.5,1.0,1.0,,
5.5,3.0,1.7320508075688772,,
6.5,3.0,1.7320508075688772,,
7.5,1.0,1.0,,
8.5,1.0,1.0,,
9.5,0.0,0.0,,
10.5,1.0,1.0,,
11.5,0.0,0.0,,
