position,mute_freq,lo_err,hi_err,A,A_lo_err,A_hi_err,C,C_lo_err,C_hi_err,G,G_lo_err,G_hi_err,T,T_lo_err,T_hi_err
4,0.0,0.0,0.167317,1.0,0.83268317765560429,1.0,0.0,0.0,0.167317,0.0,0.0,0.167317,0.0,0.0,0.167317
5,0.0,0.0,0.167317,0.0,0.0,0.167317,0.0,0.0,0.167317,0.0,0.0,0.167317,1.0,0.83268317765560429,1.0
6,0.0,0.0,0.167317,1.0,0.83268317765560429,1.0,0.0,0.0,0.167317,0.0,0.0,0.167317,0.0,0.0,0.167317
7,0.25,0.16166,0.438295,0.0,0.0,0.114912,0.0,0.0,0.114912,0.75,0.561705,0.83834,0.25,0.16166,0.438295
8,0.0,0.0,0.104042,0.0,0.0,0.104042,1.0,0.89595845984076217,1.0,0.0,0.0,0.104042,0.0,0.0,0.104042
9,0.1111111111111111,0.074189,0.289317,0.8888888888888888,0.710683,0.925811,0.0,0.0,0.104042,0.1111111111111111,0.074189,0.289317,0.0,0.0,0.104042
10,0.1,0.067347,0.265702,0.1,0.067347,0.265702,0.0,0.0,0.095048,0.9,0.734298,0.932653,0.0,0.0,0.095048
11,0.0,0.0,0.087485,0.0,0.0,0.087485,1.0,0.91251475476049393,1.0,0.0,0.0,0.087485,0.0,0.0,0.087485
12,0.09090909090909091,0.061661,0.245632,0.9090909090909091,0.754368,0.938339,0.0,0.0,0.087485,0.0,0.0,0.087485,0.09090909090909091,0.061661,0.245632
13,0.5454545454545454,0.404714,0.672282,0.0,0.0,0.087485,0.0,0.0,0.087485,0.45454545454545453,0.327718,0.595286,0.5454545454545454,0.404714,0.672282
14,0.0,0.0,0.087485,0.0,0.0,0.087485,1.0,0.91251475476049393,1.0,0.0,0.0,0.087485,0.0,0.0,0.087485
15,0.0,0.0,0.087485,0.0,0.0,0.087485,0.0,0.0,0.087485,0.0,0.0,0.087485,1.0,0.91251475476049393,1.0
16,0.0,0.0,0.095048,0.0,0.0,0.095048,0.0,0.0,0.095048,1.0,0.9049515755219304,1.0,0.0,0.0,0.095048
17,0.0,0.0,0.095048,0.0,0.0,0.095048,0.0,0.0,0.095048,1.0,0.9049515755219304,1.0,0.0,0.0,0.095048
18,0.4,0.279087,0.554116,0.4,0.279087,0.554116,0.0,0.0,0.095048,0.0,0.0,0.095048,0.6,0.445884,0.720913
19,0.5,0.360298,0.639702,0.5,0.360298,0.639702,0.0,0.0,0.095048,0.1,0.067347,0.265702,0.4,0.279087,0.554116
20,0.0,0.0,0.095048,0.0,0.0,0.095048,1.0,0.9049515755219304,1.0,0.0,0.0,0.095048,0.0,0.0,0.095048
