position,mute_freq,lo_err,hi_err,A,A_lo_err,A_hi_err,C,C_lo_err,C_hi_err,G,G_lo_err,G_hi_err,T,T_lo_err,T_hi_err
0,0.0,0.0,0.240164,0.0,0.0,0.240164,0.0,0.0,0.240164,0.0,0.0,0.240164,1.0,0.75983568565159254,1.0
1,0.6666666666666666,0.388915,0.809313,0.6666666666666666,0.388915,0.809313,0.0,0.0,0.240164,0.3333333333333333,0.190687,0.611085,0.0,0.0,0.240164
2,0.3333333333333333,0.190687,0.611085,0.6666666666666666,0.388915,0.809313,0.3333333333333333,0.190687,0.611085,0.0,0.0,0.240164,0.0,0.0,0.240164
3,0.0,0.0,0.087485,0.0,0.0,0.087485,1.0,0.91251475476049393,1.0,0.0,0.0,0.087485,0.0,0.0,0.087485
4,0.18181818181818182,0.119981,0.341139,0.09090909090909091,0.061661,0.245632,0.0,0.0,0.087485,0.09090909090909091,0.061661,0.245632,0.8181818181818182,0.658861,0.880019
5,0.2727272727272727,0.1848,0.430248,0.7272727272727273,0.569752,0.8152,0.0,0.0,0.087485,0.09090909090909091,0.061661,0.245632,0.18181818181818182,0.119981,0.341139
6,0.09090909090909091,0.061661,0.245632,0.0,0.0,0.087485,0.9090909090909091,0.754368,0.938339,0.09090909090909091,0.061661,0.245632,0.0,0.0,0.087485
7,0.08333333333333333,0.056862,0.228367,0.0,0.0,0.081036,0.0,0.0,0.081036,0.9166666666666666,0.771633,0.943138,0.08333333333333333,0.056862,0.228367
8,0.08333333333333333,0.056862,0.228367,0.0,0.0,0.081036,0.0,0.0,0.081036,0.9166666666666666,0.771633,0.943138,0.08333333333333333,0.056862,0.228367
9,0.0,0.0,0.081036,0.0,0.0,0.081036,0.0,0.0,0.081036,0.0,0.0,0.081036,1.0,0.91896371771086582,1.0
10,0.08333333333333333,0.056862,0.228367,0.08333333333333333,0.056862,0.228367,0.0,0.0,0.081036,0.9166666666666666,0.771633,0.943138,0.0,0.0,0.081036
11,0.0,0.0,0.081036,1.0,0.91896371771086582,1.0,0.0,0.0,0.081036,0.0,0.0,0.081036,0.0,0.0,0.081036
12,0.16666666666666666,0.110495,0.317579,0.0,0.0,0.081036,0.8333333333333334,0.682421,0.889505,0.0,0.0,0.081036,0.16666666666666666,0.110495,0.317579
13,0.08333333333333333,0.056862,0.228367,0.0,0.0,0.081036,0.08333333333333333,0.056862,0.228367,0.0,0.0,0.081036,0.9166666666666666,0.771633,0.943138
14,0.08333333333333333,0.056862,0.228367,0.9166666666666666,0.771633,0.943138,0.0,0.0,0.081036,0.0,0.0,0.081036,0.08333333333333333,0.056862,0.228367
15,0.0,0.0,0.081036,0.0,0.0,0.081036,1.0,0.91896371771086582,1.0,0.0,0.0,0.081036,0.0,0.0,0.081036
