position,mute_freq,lo_err,hi_err,A,A_lo_err,A_hi_err,C,C_lo_err,C_hi_err,G,G_lo_err,G_hi_err,T,T_lo_err,T_hi_err
16,0.0,0.0,0.42265,0.0,0.0,0.42265,0.0,0.0,0.42265,1.0,0.57735026918962573,1.0,0.0,0.0,0.42265
17,0.6666666666666666,0.388915,0.809313,0.6666666666666666,0.388915,0.809313,0.0,0.0,0.240164,0.3333333333333333,0.190687,0.611085,0.0,0.0,0.240164
18,0.3333333333333333,0.190687,0.611085,0.0,0.0,0.240164,0.3333333333333333,0.190687,0.611085,0.0,0.0,0.240164,0.6666666666666666,0.388915,0.809313
19,0.0,0.0,0.197258,1.0,0.8027415617602307,1.0,0.0,0.0,0.197258,0.0,0.0,0.197258,0.0,0.0,0.197258
20,0.5,0.302697,0.697303,0.0,0.0,0.197258,0.5,0.302697,0.697303,0.5,0.302697,0.697303,0.0,0.0,0.197258
21,0.0,0.0,0.197258,0.0,0.0,0.197258,1.0,0.8027415617602307,1.0,0.0,0.0,0.197258,0.0,0.0,0.197258
22,0.0,0.0,0.197258,0.0,0.0,0.197258,0.0,0.0,0.197258,0.0,0.0,0.197258,1.0,0.8027415617602307,1.0
23,0.25,0.151017,0.517262,0.25,0.151017,0.517262,0.0,0.0,0.197258,0.75,0.482738,0.848983,0.0,0.0,0.197258
24,0.0,0.0,0.197258,0.0,0.0,0.197258,1.0,0.8027415617602307,1.0,0.0,0.0,0.197258,0.0,0.0,0.197258
25,0.0,0.0,0.197258,0.0,0.0,0.197258,0.0,0.0,0.197258,0.0,0.0,0.197258,1.0,0.8027415617602307,1.0
26,0.0,0.0,0.197258,1.0,0.8027415617602307,1.0,0.0,0.0,0.197258,0.0,0.0,0.197258,0.0,0.0,0.197258
27,0.0,0.0,0.197258,0.0,0.0,0.197258,1.0,0.8027415617602307,1.0,0.0,0.0,0.197258,0.0,0.0,0.197258
28,0.25,0.151017,0.517262,0.0,0.0,0.197258,0.0,0.0,0.197258,0.25,0.151017,0.517262,0.75,0.482738,0.848983
29,0.0,0.0,0.197258,0.0,0.0,0.197258,1.0,0.8027415617602307,1.0,0.0,0.0,0.197258,0.0,0.0,0.197258
30,0.25,0.151017,0.517262,0.0,0.0,0.197258,0.75,0.482738,0.848983,0.0,0.0,0.197258,0.25,0.151017,0.517262
