bin_low_edge,contents,binerror,xtitle,binlabel
-0.5,0.0,0.0,,
0.5,73.0,8.54400374531753,,A
1.5,182.0,13.490737563232042,,C
2.5,198.0,14.071247279470288,,G
3.5,92.0,9.591663046625438,,T
4.5,0.0,0.0,,
