bin_low_edge,contents,binerror,xtitle,binlabel
19.5,0.0,0.0,,
20.5,24.0,4.898979485566356,,
21.5,109.0,10.44030650891055,,
22.5,0.0,0.0,,
