bin_low_edge,contents,binerror,xtitle,binlabel
-0.5,0.0,0.0,,
0.5,43.0,6.557438524302,,A
1.5,211.0,14.52583904633395,,C
2.5,219.0,14.798648586948742,,G
3.5,81.0,9.0,,T
4.5,0.0,0.0,,
