bin_low_edge,contents,binerror,xtitle,binlabel
-1.5,0.0,0.0,,
-0.5,28.0,5.291502622129181,,
0.5,21.0,4.58257569495584,,
1.5,12.0,3.4641016151377544,,
2.5,3.0,1.7320508075688772,,
3.5,16.0,4.0,,
4.5,5.0,2.23606797749979,,
5.5,9.0,3.0,,
6.5,15.0,3.872983346207417,,
7.5,0.0,0.0,,
8.5,10.0,3.1622776601683795,,
9.5,6.0,2.449489742783178,,
10.5,4.0,2.0,,
11.5,0.0,0.0,,
12.5,2.0,1.4142135623730951,,
13.5,0.0,0.0,,
14.5,0.0,0.0,,
15.5,2.0,1.4142135623730951,,
16.5,0.0,0.0,,
