bin_low_edge,contents,binerror,xtitle,binlabel
2.5,0.0,0.0,,
3.5,0.0,0.098629,,
4.5,0.0,0.098629,,
5.5,0.75,0.18312250000000002,,
6.5,0.5,0.197303,,
7.5,0.25,0.1831225,,
8.5,0.0,0.098629,,
9.5,0.0,0.098629,,
10.5,0.0,0.098629,,
11.5,0.0,0.098629,,
12.5,0.5,0.197303,,
13.5,0.0,0.098629,,
14.5,0.0,0.098629,,
15.5,0.0,0.098629,,
16.5,0.0,0.0,,
