bin_low_edge,contents,binerror,xtitle,binlabel
14.5,0.0,0.0,,
15.5,0.0,0.211325,,
16.5,0.0,0.211325,,
17.5,0.25,0.1831225,,
18.5,0.0,0.0836585,,
19.5,0.6,0.18049999999999997,,
20.5,0.0,0.0836585,,
21.5,0.0,0.0836585,,
22.5,0.2,0.161221,,
23.5,0.0,0.0836585,,
24.5,0.0,0.0836585,,
25.5,0.0,0.0836585,,
26.5,0.0,0.0836585,,
27.5,0.4,0.18050000000000002,,
28.5,0.0,0.0836585,,
29.5,0.0,0.120082,,
30.5,0.0,0.0,,
