bin_low_edge,contents,binerror,xtitle,binlabel
-0.5,0.0,0.0,,
0.5,3.0,1.7320508075688772,,
1.5,0.0,0.0,,
2.5,0.0,0.0,,
3.5,0.0,0.0,,
4.5,0.0,0.0,,
5.5,3.0,1.7320508075688772,,
6.5,2.0,1.4142135623730951,,
7.5,0.0,0.0,,
8.5,0.0,0.0,,
9.5,2.0,1.4142135623730951,,
10.5,0.0,0.0,,
11.5,0.0,0.0,,
12.5,0.0,0.0,,
13.5,0.0,0.0,,
14.5,0.0,0.0,,
15.5,2.0,1.4142135623730951,,
16.5,0.0,0.0,,
