bin_low_edge,contents,binerror,xtitle,binlabel
2.5,0.0,0.0,,
3.5,5.0,2.23606797749979,,
4.5,0.0,0.0,,
5.5,0.0,0.0,,
6.5,3.0,1.7320508075688772,,
7.5,1.0,1.0,,
8.5,0.0,0.0,,
9.5,1.0,1.0,,
10.5,1.0,1.0,,
11.5,0.0,0.0,,
