bin_low_edge,contents,binerror,xtitle,binlabel
-1.5,0.0,0.0,,
-0.5,17.0,4.123105625617661,,
0.5,4.0,2.0,,
1.5,0.0,0.0,,
2.5,0.0,0.0,,
3.5,30.0,5.477225575051661,,
4.5,11.0,3.3166247903554,,
5.5,21.0,4.58257569495584,,
6.5,0.0,0.0,,
