bin_low_edge,contents,binerror,xtitle,binlabel
-1.5,0.0,0.0,,
-0.5,0.755,0.03181855793578525,,right
0.5,0.245,0.026871000000000006,,wrong
1.5,0.0,0.0,,
