bin_low_edge,contents,binerror,xtitle,binlabel
-1.5,0.0,0.0,hamming distance,
-0.5,0.5650000000000001,0.05315072906367325,hamming distance,
0.5,0.14,0.026457513110645908,hamming distance,
1.5,0.115,0.023979157616563596,hamming distance,
2.5,0.095,0.02179449471770337,hamming distance,
3.5,0.01,0.007071067811865475,hamming distance,
4.5,0.035,0.013228756555322954,hamming distance,
5.5,0.01,0.007071067811865475,hamming distance,
6.5,0.015,0.008660254037844387,hamming distance,
7.5,0.0,0.0,hamming distance,
8.5,0.01,0.007071067811865475,hamming distance,
9.5,0.0,0.0,hamming distance,
10.5,0.005,0.005,hamming distance,
11.5,0.0,0.0,hamming distance,
