bin_low_edge,contents,binerror,xtitle,binlabel
-1.5,0.0,0.0,,
-0.5,0.84,0.02839523673615474,,right
0.5,0.16,0.021798000000000012,,wrong
1.5,0.0,0.0,,
