bin_low_edge,contents,binerror,xtitle,binlabel
-1.5,0.0,0.0,hamming distance,
-0.5,0.725,0.06020797289396148,hamming distance,
0.5,0.085,0.020615528128088305,hamming distance,
1.5,0.07,0.01870828693386971,hamming distance,
2.5,0.05,0.0158113883008419,hamming distance,
3.5,0.025,0.01118033988749895,hamming distance,
4.5,0.035,0.013228756555322954,hamming distance,
5.5,0.01,0.007071067811865475,hamming distance,
6.5,0.0,0.0,hamming distance,
