bin_low_edge,contents,binerror,xtitle,binlabel
-1.5,0.0,0.0,,
-0.5,8.0,2.8284271247461903,,
0.5,0.0,0.0,,
1.5,0.0,0.0,,
2.5,0.0,0.0,,
3.5,0.0,0.0,,
4.5,2.0,1.4142135623730951,,
5.5,0.0,0.0,,
