bin_low_edge,contents,binerror,xtitle,binlabel
-1.5,0.0,0.0,,
-0.5,40.0,6.324555320336759,,
0.5,3.0,1.7320508075688772,,
1.5,3.0,1.7320508075688772,,
2.5,12.0,3.4641016151377544,,
3.5,19.0,4.358898943540674,,
4.5,3.0,1.7320508075688772,,
5.5,13.0,3.605551275463989,,
6.5,0.0,0.0,,
7.5,0.0,0.0,,
8.5,18.0,4.242640687119285,,
9.5,0.0,0.0,,
10.5,0.0,0.0,,
11.5,0.0,0.0,,
12.5,0.0,0.0,,
13.5,0.0,0.0,,
14.5,7.0,2.6457513110645907,,
15.5,10.0,3.1622776601683795,,
16.5,0.0,0.0,,
17.5,5.0,2.23606797749979,,
18.5,0.0,0.0,,
