bin_low_edge,contents,binerror,xtitle,binlabel
-0.5,0.0,0.0,,
0.5,96.0,9.797958971132712,,A
1.5,209.0,14.45683229480096,,C
2.5,215.0,14.66287829861518,,G
3.5,108.0,10.392304845413264,,T
4.5,0.0,0.0,,
