bin_low_edge,contents,binerror,xtitle,binlabel
-0.5,0.0,0.0,,
0.5,3.0,1.7320508075688772,,IGHJ2*01
1.5,10.0,3.1622776601683795,,IGHJ3*02
2.5,89.0,9.433981132056603,,IGHJ4*02
3.5,5.0,2.23606797749979,,IGHJ5*02
4.5,11.0,3.3166247903554,,IGHJ6*02
5.5,15.0,3.872983346207417,,IGHJ6*03
6.5,0.0,0.0,,
