bin_low_edge,contents,binerror,xtitle,binlabel
-1.5,0.0,0.0,,
-0.5,15.0,3.872983346207417,,
0.5,16.0,4.0,,
1.5,17.0,4.123105625617661,,
2.5,0.0,0.0,,
3.5,18.0,4.242640687119285,,
4.5,13.0,3.605551275463989,,
5.5,3.0,1.7320508075688772,,
6.5,16.0,4.0,,
7.5,9.0,3.0,,
8.5,10.0,3.1622776601683795,,
9.5,5.0,2.23606797749979,,
10.5,5.0,2.23606797749979,,
11.5,0.0,0.0,,
12.5,0.0,0.0,,
13.5,2.0,1.4142135623730951,,
14.5,0.0,0.0,,
15.5,4.0,2.0,,
16.5,0.0,0.0,,
