bin_low_edge,contents,binerror,xtitle,binlabel
-0.5,0.0,0.0,,
0.5,83.0,9.1104335791443,,A
1.5,219.0,14.798648586948742,,C
2.5,280.0,16.73320053068151,,G
3.5,94.0,9.695359714832659,,T
4.5,0.0,0.0,,
