position,mute_freq,lo_err,hi_err,A,A_lo_err,A_hi_err,C,C_lo_err,C_hi_err,G,G_lo_err,G_hi_err,T,T_lo_err,T_hi_err
2,0.0,0.0,0.42265,0.0,0.0,0.42265,0.0,0.0,0.42265,1.0,0.57735026918962573,1.0,0.0,0.0,0.42265
3,1.0,0.57735026918962573,1.0,0.0,0.0,0.42265,0.0,0.0,0.42265,1.0,0.57735026918962573,1.0,0.0,0.0,0.42265
4,0.0,0.0,0.167317,1.0,0.83268317765560429,1.0,0.0,0.0,0.167317,0.0,0.0,0.167317,0.0,0.0,0.167317
5,0.0,0.0,0.167317,0.0,0.0,0.167317,0.0,0.0,0.167317,0.0,0.0,0.167317,1.0,0.83268317765560429,1.0
6,0.0,0.0,0.167317,1.0,0.83268317765560429,1.0,0.0,0.0,0.167317,0.0,0.0,0.167317,0.0,0.0,0.167317
7,0.25,0.16166,0.438295,0.0,0.0,0.114912,0.0,0.0,0.114912,0.75,0.561705,0.83834,0.25,0.16166,0.438295
8,0.0,0.0,0.095048,0.0,0.0,0.095048,1.0,0.9049515755219304,1.0,0.0,0.0,0.095048,0.0,0.0,0.095048
9,0.2,0.131253,0.368427,0.8,0.631573,0.868747,0.0,0.0,0.095048,0.2,0.131253,0.368427,0.0,0.0,0.095048
10,0.1,0.067347,0.265702,0.1,0.067347,0.265702,0.0,0.0,0.095048,0.9,0.734298,0.932653,0.0,0.0,0.095048
11,0.0,0.0,0.095048,0.0,0.0,0.095048,1.0,0.9049515755219304,1.0,0.0,0.0,0.095048,0.0,0.0,0.095048
12,0.1,0.067347,0.265702,0.9,0.734298,0.932653,0.0,0.0,0.095048,0.0,0.0,0.095048,0.1,0.067347,0.265702
13,0.6,0.445884,0.720913,0.0,0.0,0.095048,0.0,0.0,0.095048,0.4,0.279087,0.554116,0.6,0.445884,0.720913
14,0.0,0.0,0.095048,0.0,0.0,0.095048,1.0,0.9049515755219304,1.0,0.0,0.0,0.095048,0.0,0.0,0.095048
15,0.0,0.0,0.095048,0.0,0.0,0.095048,0.0,0.0,0.095048,0.0,0.0,0.095048,1.0,0.9049515755219304,1.0
16,0.0,0.0,0.095048,0.0,0.0,0.095048,0.0,0.0,0.095048,1.0,0.9049515755219304,1.0,0.0,0.0,0.095048
17,0.0,0.0,0.104042,0.0,0.0,0.104042,0.0,0.0,0.104042,1.0,0.89595845984076217,1.0,0.0,0.0,0.104042
18,0.0,0.0,0.167317,0.0,0.0,0.167317,0.0,0.0,0.167317,0.0,0.0,0.167317,1.0,0.83268317765560429,1.0
19,0.2,0.125065,0.447507,0.8,0.552493,0.874935,0.0,0.0,0.167317,0.2,0.125065,0.447507,0.0,0.0,0.167317
20,0.0,0.0,0.167317,0.0,0.0,0.167317,1.0,0.83268317765560429,1.0,0.0,0.0,0.167317,0.0,0.0,0.167317
