position,mute_freq,lo_err,hi_err,A,A_lo_err,A_hi_err,C,C_lo_err,C_hi_err,G,G_lo_err,G_hi_err,T,T_lo_err,T_hi_err
16,0.0,0.0,0.42265,0.0,0.0,0.42265,0.0,0.0,0.42265,1.0,0.57735026918962573,1.0,0.0,0.0,0.42265
17,0.0,0.0,0.42265,0.0,0.0,0.42265,0.0,0.0,0.42265,1.0,0.57735026918962573,1.0,0.0,0.0,0.42265
18,0.25,0.151017,0.517262,0.0,0.0,0.197258,0.25,0.151017,0.517262,0.0,0.0,0.197258,0.75,0.482738,0.848983
19,0.0,0.0,0.167317,1.0,0.83268317765560429,1.0,0.0,0.0,0.167317,0.0,0.0,0.167317,0.0,0.0,0.167317
20,0.6,0.390755,0.751755,0.0,0.0,0.167317,0.6,0.390755,0.751755,0.4,0.248245,0.609245,0.0,0.0,0.167317
21,0.0,0.0,0.167317,0.0,0.0,0.167317,1.0,0.83268317765560429,1.0,0.0,0.0,0.167317,0.0,0.0,0.167317
22,0.0,0.0,0.167317,0.0,0.0,0.167317,0.0,0.0,0.167317,0.0,0.0,0.167317,1.0,0.83268317765560429,1.0
23,0.2,0.125065,0.447507,0.2,0.125065,0.447507,0.0,0.0,0.167317,0.8,0.552493,0.874935,0.0,0.0,0.167317
24,0.0,0.0,0.167317,0.0,0.0,0.167317,1.0,0.83268317765560429,1.0,0.0,0.0,0.167317,0.0,0.0,0.167317
25,0.0,0.0,0.167317,0.0,0.0,0.167317,0.0,0.0,0.167317,0.0,0.0,0.167317,1.0,0.83268317765560429,1.0
26,0.0,0.0,0.167317,1.0,0.83268317765560429,1.0,0.0,0.0,0.167317,0.0,0.0,0.167317,0.0,0.0,0.167317
27,0.0,0.0,0.167317,0.0,0.0,0.167317,1.0,0.83268317765560429,1.0,0.0,0.0,0.167317,0.0,0.0,0.167317
28,0.4,0.248245,0.609245,0.0,0.0,0.167317,0.2,0.125065,0.447507,0.2,0.125065,0.447507,0.6,0.390755,0.751755
29,0.0,0.0,0.167317,0.0,0.0,0.167317,1.0,0.83268317765560429,1.0,0.0,0.0,0.167317,0.0,0.0,0.167317
30,0.0,0.0,0.240164,0.0,0.0,0.240164,1.0,0.75983568565159254,1.0,0.0,0.0,0.240164,0.0,0.0,0.240164
