position,mute_freq,lo_err,hi_err,A,A_lo_err,A_hi_err,C,C_lo_err,C_hi_err,G,G_lo_err,G_hi_err,T,T_lo_err,T_hi_err
0,0.0,0.0,0.306639,0.0,0.0,0.306639,0.0,0.0,0.306639,0.0,0.0,0.306639,1.0,0.69336127435063466,1.0
1,0.3333333333333333,0.190687,0.611085,0.3333333333333333,0.190687,0.611085,0.0,0.0,0.240164,0.6666666666666666,0.388915,0.809313,0.0,0.0,0.240164
2,0.3333333333333333,0.190687,0.611085,0.6666666666666666,0.388915,0.809313,0.3333333333333333,0.190687,0.611085,0.0,0.0,0.240164,0.0,0.0,0.240164
3,0.0,0.0,0.104042,0.0,0.0,0.104042,1.0,0.89595845984076217,1.0,0.0,0.0,0.104042,0.0,0.0,0.104042
4,0.1111111111111111,0.074189,0.289317,0.1111111111111111,0.074189,0.289317,0.0,0.0,0.104042,0.0,0.0,0.104042,0.8888888888888888,0.710683,0.925811
5,0.2222222222222222,0.144872,0.400387,0.7777777777777778,0.599613,0.855128,0.0,0.0,0.104042,0.1111111111111111,0.074189,0.289317,0.1111111111111111,0.074189,0.289317
6,0.0,0.0,0.104042,0.0,0.0,0.104042,1.0,0.89595845984076217,1.0,0.0,0.0,0.104042,0.0,0.0,0.104042
7,0.1,0.067347,0.265702,0.0,0.0,0.095048,0.0,0.0,0.095048,0.9,0.734298,0.932653,0.1,0.067347,0.265702
8,0.1,0.067347,0.265702,0.0,0.0,0.095048,0.0,0.0,0.095048,0.9,0.734298,0.932653,0.1,0.067347,0.265702
9,0.0,0.0,0.095048,0.0,0.0,0.095048,0.0,0.0,0.095048,0.0,0.0,0.095048,1.0,0.9049515755219304,1.0
10,0.0,0.0,0.095048,0.0,0.0,0.095048,0.0,0.0,0.095048,1.0,0.9049515755219304,1.0,0.0,0.0,0.095048
11,0.0,0.0,0.114912,1.0,0.88508815207146019,1.0,0.0,0.0,0.114912,0.0,0.0,0.114912,0.0,0.0,0.114912
12,0.125,0.082581,0.317494,0.0,0.0,0.114912,0.875,0.682506,0.917419,0.0,0.0,0.114912,0.125,0.082581,0.317494
13,0.125,0.082581,0.317494,0.0,0.0,0.114912,0.125,0.082581,0.317494,0.0,0.0,0.114912,0.875,0.682506,0.917419
14,0.125,0.082581,0.317494,0.875,0.682506,0.917419,0.0,0.0,0.114912,0.0,0.0,0.114912,0.125,0.082581,0.317494
15,0.0,0.0,0.114912,0.0,0.0,0.114912,1.0,0.88508815207146019,1.0,0.0,0.0,0.114912,0.0,0.0,0.114912
