bin_low_edge,contents,binerror,xtitle,binlabel
19.5,0.0,0.0,,
20.5,21.0,4.58257569495584,,
21.5,112.0,10.583005244258363,,
22.5,0.0,0.0,,
