bin_low_edge,contents,binerror,xtitle,binlabel
-1.5,0.0,0.0,,
-0.5,52.0,7.211102550927978,,
0.5,53.0,7.280109889280518,,
1.5,3.0,1.7320508075688772,,
2.5,16.0,4.0,,
3.5,0.0,0.0,,
4.5,0.0,0.0,,
5.5,0.0,0.0,,
6.5,9.0,3.0,,
7.5,0.0,0.0,,
