bin_low_edge,contents,binerror,xtitle,binlabel
-0.5,0.0,0.0,,
0.5,74.0,8.602325267042627,,A
1.5,173.0,13.152946437965905,,C
2.5,193.0,13.892443989449804,,G
3.5,91.0,9.539392014169456,,T
4.5,0.0,0.0,,
