bin_low_edge,contents,binerror,xtitle,binlabel
19.5,0.0,0.0,,
20.5,21.0,4.58257569495584,,
21.5,109.0,10.44030650891055,,
22.5,3.0,1.7320508075688772,,
23.5,0.0,0.0,,
