bin_low_edge,contents,binerror,xtitle,binlabel
-0.5,0.0,0.0,,
0.5,3.0,1.7320508075688772,,IGHJ2*01
1.5,1.0,1.0,,IGHJ3*01
2.5,9.0,3.0,,IGHJ3*02
3.5,76.0,8.717797887081348,,IGHJ4*02
4.5,15.0,3.872983346207417,,IGHJ5*02
5.5,14.0,3.7416573867739413,,IGHJ6*02
6.5,15.0,3.872983346207417,,IGHJ6*03
7.5,0.0,0.0,,
