bin_low_edge,contents,binerror,xtitle,binlabel
-1.5,0.0,0.0,,
-0.5,127.0,11.269427669584644,,
0.5,6.0,2.449489742783178,,
1.5,0.0,0.0,,
