bin_low_edge,contents,binerror,xtitle,binlabel
-0.5,0.0,0.0,,
0.5,4339.0,65.87108622149782,,A
1.5,4180.0,64.65291950097846,,C
2.5,5063.0,71.15476090888086,,G
3.5,3708.0,60.89334939055332,,T
4.5,0.0,0.0,,
