bin_low_edge,contents,binerror,xtitle,binlabel
-1.5,0.0,0.0,,
-0.5,67.0,8.18535277187245,,
0.5,47.0,6.855654600401044,,
1.5,5.0,2.23606797749979,,
2.5,8.0,2.8284271247461903,,
3.5,1.0,1.0,,
4.5,0.0,0.0,,
5.5,0.0,0.0,,
6.5,5.0,2.23606797749979,,
7.5,0.0,0.0,,
