bin_low_edge,contents,binerror,xtitle,binlabel
-0.5,0.0,0.0,,
0.5,55.0,7.416198487095663,,A
1.5,211.0,14.52583904633395,,C
2.5,218.0,14.7648230602334,,G
3.5,82.0,9.055385138137417,,T
4.5,0.0,0.0,,
