bin_low_edge,contents,binerror,xtitle,binlabel
-1.5,0.0,0.0,,
-0.5,13.0,3.605551275463989,,
0.5,5.0,2.23606797749979,,
1.5,0.0,0.0,,
2.5,0.0,0.0,,
3.5,0.0,0.0,,
4.5,0.0,0.0,,
5.5,0.0,0.0,,
6.5,5.0,2.23606797749979,,
7.5,0.0,0.0,,
