bin_low_edge,contents,binerror,xtitle,binlabel
201.5,0.0,0.0,,
202.5,3.0,1.7320508075688772,,
203.5,0.0,0.0,,
204.5,0.0,0.0,,
205.5,0.0,0.0,,
206.5,0.0,0.0,,
207.5,0.0,0.0,,
208.5,5.0,2.23606797749979,,
209.5,0.0,0.0,,
