bin_low_edge,contents,binerror,xtitle,binlabel
204.5,0.0,0.0,,
205.5,8.0,2.8284271247461903,,
206.5,0.0,0.0,,
207.5,0.0,0.0,,
208.5,0.0,0.0,,
209.5,1.0,1.0,,
210.5,0.0,0.0,,
211.5,0.0,0.0,,
212.5,0.0,0.0,,
213.5,0.0,0.0,,
214.5,5.0,2.23606797749979,,
215.5,0.0,0.0,,
216.5,0.0,0.0,,
217.5,3.0,1.7320508075688772,,
218.5,1.0,1.0,,
219.5,0.0,0.0,,
220.5,5.0,2.23606797749979,,
221.5,0.0,0.0,,
