bin_low_edge,contents,binerror,xtitle,binlabel
14.5,0.0,0.0,,
15.5,0.0,0.211325,,
16.5,0.6666666666666666,0.21019899999999997,,
17.5,0.3333333333333333,0.210199,,
18.5,0.0,0.098629,,
19.5,0.5,0.197303,,
20.5,0.0,0.098629,,
21.5,0.0,0.098629,,
22.5,0.25,0.1831225,,
23.5,0.0,0.098629,,
24.5,0.0,0.098629,,
25.5,0.0,0.098629,,
26.5,0.0,0.098629,,
27.5,0.25,0.1831225,,
28.5,0.0,0.098629,,
29.5,0.25,0.1831225,,
30.5,0.0,0.0,,
