bin_low_edge,contents,binerror,xtitle,binlabel
204.5,0.0,0.0,,
205.5,5.0,2.23606797749979,,
206.5,0.0,0.0,,
207.5,0.0,0.0,,
208.5,0.0,0.0,,
209.5,0.0,0.0,,
210.5,0.0,0.0,,
211.5,0.0,0.0,,
212.5,0.0,0.0,,
213.5,0.0,0.0,,
214.5,5.0,2.23606797749979,,
215.5,0.0,0.0,,
216.5,0.0,0.0,,
217.5,4.0,2.0,,
218.5,0.0,0.0,,
219.5,0.0,0.0,,
220.5,9.0,3.0,,
221.5,0.0,0.0,,
