bin_low_edge,contents,binerror,xtitle,binlabel
-1.5,0.0,0.0,,
-0.5,11.0,3.3166247903554,,
0.5,0.0,0.0,,
1.5,9.0,3.0,,
2.5,0.0,0.0,,
3.5,20.0,4.47213595499958,,
4.5,18.0,4.242640687119285,,
5.5,20.0,4.47213595499958,,
6.5,3.0,1.7320508075688772,,
7.5,7.0,2.6457513110645907,,
8.5,0.0,0.0,,
9.5,0.0,0.0,,
10.5,0.0,0.0,,
11.5,0.0,0.0,,
12.5,0.0,0.0,,
13.5,1.0,1.0,,
14.5,0.0,0.0,,
